Record_id,Toilet_id,Date,Total_users,Male_users,Female_users,Disabled_users
1,T001,2025-07-01,171,64,30,77
2,T002,2025-07-01,183,23,84,76
3,T003,2025-07-01,187,117,26,44
4,T004,2025-07-01,63,41,11,11
5,T005,2025-07-01,195,56,77,62
6,T006,2025-07-01,167,111,33,23
7,T007,2025-07-01,155,85,57,13
8,T008,2025-07-01,200,31,127,42
9,T009,2025-07-01,104,70,24,10
10,T010,2025-07-01,183,101,41,41
11,T011,2025-07-01,146,60,71,15
12,T012,2025-07-01,143,64,60,19
13,T013,2025-07-01,199,88,96,15
14,T014,2025-07-01,57,20,15,22
15,T015,2025-07-01,93,21,48,24
16,T016,2025-07-01,53,32,11,10
17,T017,2025-07-01,81,52,18,11
18,T018,2025-07-01,87,47,16,24
19,T019,2025-07-01,124,72,28,24
20,T020,2025-07-01,185,77,61,47
21,T021,2025-07-01,178,131,25,22
22,T022,2025-07-01,183,104,49,30
23,T023,2025-07-01,112,89,11,12
24,T024,2025-07-01,127,77,11,39
25,T025,2025-07-01,137,102,16,19
26,T026,2025-07-01,119,70,10,39
27,T027,2025-07-01,173,67,45,61
28,T028,2025-07-01,93,70,12,11
29,T029,2025-07-01,95,31,52,12
30,T030,2025-07-01,142,77,23,42
31,T031,2025-07-01,63,39,11,13
32,T032,2025-07-01,120,57,41,22
33,T033,2025-07-01,153,51,59,43
34,T034,2025-07-01,134,100,22,12
35,T035,2025-07-01,73,46,16,11
36,T036,2025-07-01,184,116,32,36
37,T037,2025-07-01,149,86,19,44
38,T038,2025-07-01,158,128,20,10
39,T039,2025-07-01,85,22,51,12
40,T040,2025-07-01,123,87,26,10
41,T041,2025-07-01,174,135,27,12
42,T042,2025-07-01,188,127,39,22
43,T043,2025-07-01,68,47,11,10
44,T044,2025-07-01,117,89,15,13
45,T045,2025-07-01,78,24,35,19
46,T046,2025-07-01,72,23,27,22
47,T047,2025-07-01,116,54,23,39
48,T048,2025-07-01,154,132,11,11
49,T049,2025-07-01,194,92,69,33
50,T050,2025-07-01,139,60,58,21
51,T001,2025-07-02,137,83,31,23
52,T002,2025-07-02,82,45,21,16
53,T003,2025-07-02,131,93,26,12
54,T004,2025-07-02,116,33,55,28
55,T005,2025-07-02,169,142,16,11
56,T006,2025-07-02,115,50,54,11
57,T007,2025-07-02,70,38,10,22
58,T008,2025-07-02,183,162,10,11
59,T009,2025-07-02,130,66,49,15
60,T010,2025-07-02,158,47,26,85
61,T011,2025-07-02,63,42,11,10
62,T012,2025-07-02,68,23,33,12
63,T013,2025-07-02,95,49,28,18
64,T014,2025-07-02,138,68,29,41
65,T015,2025-07-02,182,60,56,66
66,T016,2025-07-02,91,26,52,13
67,T017,2025-07-02,78,34,23,21
68,T018,2025-07-02,85,61,10,14
69,T019,2025-07-02,190,43,71,76
70,T020,2025-07-02,188,121,13,54
71,T021,2025-07-02,138,95,31,12
72,T022,2025-07-02,135,33,16,86
73,T023,2025-07-02,182,62,25,95
74,T024,2025-07-02,179,142,21,16
75,T025,2025-07-02,158,81,31,46
76,T026,2025-07-02,193,120,48,25
77,T027,2025-07-02,89,28,11,50
78,T028,2025-07-02,98,49,27,22
79,T029,2025-07-02,69,25,30,14
80,T030,2025-07-02,184,67,95,22
81,T031,2025-07-02,144,64,47,33
82,T032,2025-07-02,194,130,49,15
83,T033,2025-07-02,141,77,15,49
84,T034,2025-07-02,139,85,38,16
85,T035,2025-07-02,108,73,20,15
86,T036,2025-07-02,51,31,10,10
87,T037,2025-07-02,87,23,28,36
88,T038,2025-07-02,64,35,14,15
89,T039,2025-07-02,95,74,11,10
90,T040,2025-07-02,110,27,38,45
91,T041,2025-07-02,79,51,17,11
92,T042,2025-07-02,118,98,10,10
93,T043,2025-07-02,131,62,46,23
94,T044,2025-07-02,151,87,51,13
95,T045,2025-07-02,155,114,25,16
96,T046,2025-07-02,145,48,50,47
97,T047,2025-07-02,135,91,26,18
98,T048,2025-07-02,117,25,27,65
99,T049,2025-07-02,55,21,24,10
100,T050,2025-07-02,139,93,20,26
101,T001,2025-07-03,159,101,18,40
102,T002,2025-07-03,167,33,75,59
103,T003,2025-07-03,181,66,54,61
104,T004,2025-07-03,182,115,44,23
105,T005,2025-07-03,106,47,48,11
106,T006,2025-07-03,179,113,51,15
107,T007,2025-07-03,123,26,22,75
108,T008,2025-07-03,81,27,33,21
109,T009,2025-07-03,138,28,38,72
110,T010,2025-07-03,169,127,27,15
111,T011,2025-07-03,108,84,10,14
112,T012,2025-07-03,108,33,14,61
113,T013,2025-07-03,150,30,86,34
114,T014,2025-07-03,166,29,15,122
115,T015,2025-07-03,125,89,24,12
116,T016,2025-07-03,139,62,62,15
117,T017,2025-07-03,65,35,13,17
118,T018,2025-07-03,95,74,11,10
119,T019,2025-07-03,88,40,37,11
120,T020,2025-07-03,127,58,24,45
121,T021,2025-07-03,171,42,54,75
122,T022,2025-07-03,124,43,48,33
123,T023,2025-07-03,146,36,48,62
124,T024,2025-07-03,111,43,41,27
125,T025,2025-07-03,163,140,13,10
126,T026,2025-07-03,114,61,28,25
127,T027,2025-07-03,93,60,10,23
128,T028,2025-07-03,71,44,14,13
129,T029,2025-07-03,136,114,10,12
130,T030,2025-07-03,80,51,16,13
131,T031,2025-07-03,147,40,63,44
132,T032,2025-07-03,138,52,65,21
133,T033,2025-07-03,101,50,14,37
134,T034,2025-07-03,131,30,73,28
135,T035,2025-07-03,102,60,10,32
136,T036,2025-07-03,150,108,31,11
137,T037,2025-07-03,150,99,34,17
138,T038,2025-07-03,93,32,19,42
139,T039,2025-07-03,87,37,23,27
140,T040,2025-07-03,89,40,10,39
141,T041,2025-07-03,87,49,12,26
142,T042,2025-07-03,197,79,35,83
143,T043,2025-07-03,105,72,22,11
144,T044,2025-07-03,143,41,83,19
145,T045,2025-07-03,146,64,16,66
146,T046,2025-07-03,135,40,42,53
147,T047,2025-07-03,148,44,53,51
148,T048,2025-07-03,140,29,15,96
149,T049,2025-07-03,175,55,69,51
150,T050,2025-07-03,149,114,16,19
151,T001,2025-07-04,200,57,102,41
152,T002,2025-07-04,54,32,10,12
153,T003,2025-07-04,111,90,10,11
154,T004,2025-07-04,186,109,32,45
155,T005,2025-07-04,95,31,49,15
156,T006,2025-07-04,183,142,10,31
157,T007,2025-07-04,110,80,20,10
158,T008,2025-07-04,146,74,56,16
159,T009,2025-07-04,58,20,16,22
160,T010,2025-07-04,57,25,22,10
161,T011,2025-07-04,97,47,31,19
162,T012,2025-07-04,200,90,69,41
163,T013,2025-07-04,124,44,67,13
164,T014,2025-07-04,127,45,48,34
165,T015,2025-07-04,82,24,38,20
166,T016,2025-07-04,178,52,13,113
167,T017,2025-07-04,151,86,55,10
168,T018,2025-07-04,186,21,64,101
169,T019,2025-07-04,151,116,23,12
170,T020,2025-07-04,96,34,40,22
171,T021,2025-07-04,108,47,16,45
172,T022,2025-07-04,51,25,15,11
173,T023,2025-07-04,190,43,93,54
174,T024,2025-07-04,87,53,22,12
175,T025,2025-07-04,128,23,45,60
176,T026,2025-07-04,131,28,58,45
177,T027,2025-07-04,66,43,10,13
178,T028,2025-07-04,87,24,29,34
179,T029,2025-07-04,174,26,72,76
180,T030,2025-07-04,150,120,15,15
181,T031,2025-07-04,117,60,15,42
182,T032,2025-07-04,52,22,18,12
183,T033,2025-07-04,175,124,41,10
184,T034,2025-07-04,78,38,16,24
185,T035,2025-07-04,197,96,37,64
186,T036,2025-07-04,81,32,33,16
187,T037,2025-07-04,59,21,17,21
188,T038,2025-07-04,159,38,70,51
189,T039,2025-07-04,108,69,14,25
190,T040,2025-07-04,80,33,13,34
191,T041,2025-07-04,173,97,57,19
192,T042,2025-07-04,136,82,30,24
193,T043,2025-07-04,200,129,13,58
194,T044,2025-07-04,119,95,13,11
195,T045,2025-07-04,86,43,20,23
196,T046,2025-07-04,136,30,63,43
197,T047,2025-07-04,70,24,14,32
198,T048,2025-07-04,114,61,20,33
199,T049,2025-07-04,189,35,96,58
200,T050,2025-07-04,136,56,54,26
201,T001,2025-07-05,85,53,13,19
202,T002,2025-07-05,134,98,21,15
203,T003,2025-07-05,122,28,83,11
204,T004,2025-07-05,145,120,10,15
205,T005,2025-07-05,93,20,50,23
206,T006,2025-07-05,107,64,19,24
207,T007,2025-07-05,101,42,11,48
208,T008,2025-07-05,105,75,15,15
209,T009,2025-07-05,137,106,17,14
210,T010,2025-07-05,69,30,12,27
211,T011,2025-07-05,125,60,32,33
212,T012,2025-07-05,164,26,125,13
213,T013,2025-07-05,113,60,37,16
214,T014,2025-07-05,197,174,12,11
215,T015,2025-07-05,90,67,12,11
216,T016,2025-07-05,89,24,44,21
217,T017,2025-07-05,71,39,14,18
218,T018,2025-07-05,69,41,11,17
219,T019,2025-07-05,93,68,13,12
220,T020,2025-07-05,58,35,12,11
221,T021,2025-07-05,62,20,17,25
222,T022,2025-07-05,60,27,17,16
223,T023,2025-07-05,195,109,27,59
224,T024,2025-07-05,55,24,20,11
225,T025,2025-07-05,186,126,44,16
226,T026,2025-07-05,162,123,19,20
227,T027,2025-07-05,137,24,72,41
228,T028,2025-07-05,66,23,15,28
229,T029,2025-07-05,172,43,47,82
230,T030,2025-07-05,127,74,35,18
231,T031,2025-07-05,77,28,29,20
232,T032,2025-07-05,156,63,62,31
233,T033,2025-07-05,93,73,10,10
234,T034,2025-07-05,75,50,14,11
235,T035,2025-07-05,104,36,15,53
236,T036,2025-07-05,95,57,27,11
237,T037,2025-07-05,50,24,12,14
238,T038,2025-07-05,87,65,12,10
239,T039,2025-07-05,184,58,41,85
240,T040,2025-07-05,168,32,70,66
241,T041,2025-07-05,157,41,23,93
242,T042,2025-07-05,184,20,20,144
243,T043,2025-07-05,179,92,14,73
244,T044,2025-07-05,199,56,102,41
245,T045,2025-07-05,184,21,88,75
246,T046,2025-07-05,170,71,32,67
247,T047,2025-07-05,172,132,17,23
248,T048,2025-07-05,126,45,58,23
249,T049,2025-07-05,55,31,11,13
250,T050,2025-07-05,138,51,41,46
251,T001,2025-07-06,117,22,16,79
252,T002,2025-07-06,58,29,12,17
253,T003,2025-07-06,166,23,122,21
254,T004,2025-07-06,109,31,25,53
255,T005,2025-07-06,53,30,11,12
256,T006,2025-07-06,89,58,14,17
257,T007,2025-07-06,77,33,19,25
258,T008,2025-07-06,184,22,115,47
259,T009,2025-07-06,176,116,25,35
260,T010,2025-07-06,94,25,28,41
261,T011,2025-07-06,65,38,14,13
262,T012,2025-07-06,71,25,21,25
263,T013,2025-07-06,78,48,15,15
264,T014,2025-07-06,154,67,33,54
265,T015,2025-07-06,122,50,12,60
266,T016,2025-07-06,91,34,16,41
267,T017,2025-07-06,112,60,39,13
268,T018,2025-07-06,88,59,14,15
269,T019,2025-07-06,130,27,92,11
270,T020,2025-07-06,75,34,16,25
271,T021,2025-07-06,176,101,41,34
272,T022,2025-07-06,192,32,80,80
273,T023,2025-07-06,163,20,90,53
274,T024,2025-07-06,85,65,10,10
275,T025,2025-07-06,95,48,26,21
276,T026,2025-07-06,67,32,10,25
277,T027,2025-07-06,160,84,40,36
278,T028,2025-07-06,145,20,36,89
279,T029,2025-07-06,188,101,67,20
280,T030,2025-07-06,185,29,126,30
281,T031,2025-07-06,110,72,22,16
282,T032,2025-07-06,123,48,45,30
283,T033,2025-07-06,92,26,16,50
284,T034,2025-07-06,80,38,28,14
285,T035,2025-07-06,60,32,15,13
286,T036,2025-07-06,144,114,13,17
287,T037,2025-07-06,127,21,84,22
288,T038,2025-07-06,140,71,35,34
289,T039,2025-07-06,139,29,28,82
290,T040,2025-07-06,191,167,13,11
291,T041,2025-07-06,128,63,26,39
292,T042,2025-07-06,131,97,16,18
293,T043,2025-07-06,99,34,40,25
294,T044,2025-07-06,53,26,14,13
295,T045,2025-07-06,116,56,36,24
296,T046,2025-07-06,51,24,15,12
297,T047,2025-07-06,99,40,42,17
298,T048,2025-07-06,71,27,27,17
299,T049,2025-07-06,137,28,20,89
300,T050,2025-07-06,83,60,10,13
301,T001,2025-07-07,116,62,30,24
302,T002,2025-07-07,167,136,10,21
303,T003,2025-07-07,83,62,10,11
304,T004,2025-07-07,160,135,13,12
305,T005,2025-07-07,129,81,20,28
306,T006,2025-07-07,185,68,80,37
307,T007,2025-07-07,75,32,25,18
308,T008,2025-07-07,101,41,12,48
309,T009,2025-07-07,82,38,33,11
310,T010,2025-07-07,99,21,32,46
311,T011,2025-07-07,135,41,81,13
312,T012,2025-07-07,50,28,11,11
313,T013,2025-07-07,66,39,17,10
314,T014,2025-07-07,102,44,27,31
315,T015,2025-07-07,159,27,30,102
316,T016,2025-07-07,176,50,81,45
317,T017,2025-07-07,184,129,24,31
318,T018,2025-07-07,138,25,28,85
319,T019,2025-07-07,107,62,22,23
320,T020,2025-07-07,74,29,33,12
321,T021,2025-07-07,145,76,52,17
322,T022,2025-07-07,198,168,13,17
323,T023,2025-07-07,55,30,10,15
324,T024,2025-07-07,189,76,13,100
325,T025,2025-07-07,126,80,25,21
326,T026,2025-07-07,105,45,37,23
327,T027,2025-07-07,190,65,20,105
328,T028,2025-07-07,166,118,23,25
329,T029,2025-07-07,192,35,144,13
330,T030,2025-07-07,116,92,10,14
331,T031,2025-07-07,63,35,11,17
332,T032,2025-07-07,81,30,10,41
333,T033,2025-07-07,62,35,12,15
334,T034,2025-07-07,136,116,10,10
335,T035,2025-07-07,76,42,20,14
336,T036,2025-07-07,180,131,23,26
337,T037,2025-07-07,103,25,43,35
338,T038,2025-07-07,128,46,46,36
339,T039,2025-07-07,68,41,10,17
340,T040,2025-07-07,63,37,12,14
341,T041,2025-07-07,191,36,16,139
342,T042,2025-07-07,185,101,55,29
343,T043,2025-07-07,90,22,24,44
344,T044,2025-07-07,128,88,15,25
345,T045,2025-07-07,162,114,11,37
346,T046,2025-07-07,59,21,18,20
347,T047,2025-07-07,192,114,20,58
348,T048,2025-07-07,179,92,18,69
349,T049,2025-07-07,200,113,44,43
350,T050,2025-07-07,65,42,10,13
351,T001,2025-07-08,101,31,60,10
352,T002,2025-07-08,187,162,13,12
353,T003,2025-07-08,162,126,19,17
354,T004,2025-07-08,159,139,10,10
355,T005,2025-07-08,177,74,42,61
356,T006,2025-07-08,147,71,66,10
357,T007,2025-07-08,150,107,32,11
358,T008,2025-07-08,161,78,12,71
359,T009,2025-07-08,141,121,10,10
360,T010,2025-07-08,97,53,33,11
361,T011,2025-07-08,139,116,10,13
362,T012,2025-07-08,189,41,123,25
363,T013,2025-07-08,146,84,26,36
364,T014,2025-07-08,59,30,17,12
365,T015,2025-07-08,160,70,68,22
366,T016,2025-07-08,68,33,17,18
367,T017,2025-07-08,104,22,13,69
368,T018,2025-07-08,62,34,16,12
369,T019,2025-07-08,76,36,21,19
370,T020,2025-07-08,54,24,17,13
371,T021,2025-07-08,150,71,51,28
372,T022,2025-07-08,192,137,26,29
373,T023,2025-07-08,51,29,10,12
374,T024,2025-07-08,199,52,16,131
375,T025,2025-07-08,147,40,94,13
376,T026,2025-07-08,171,118,25,28
377,T027,2025-07-08,82,36,21,25
378,T028,2025-07-08,138,26,12,100
379,T029,2025-07-08,163,129,11,23
380,T030,2025-07-08,119,24,20,75
381,T031,2025-07-08,199,71,60,68
382,T032,2025-07-08,69,29,19,21
383,T033,2025-07-08,187,113,40,34
384,T034,2025-07-08,156,51,37,68
385,T035,2025-07-08,176,144,20,12
386,T036,2025-07-08,120,22,45,53
387,T037,2025-07-08,76,42,23,11
388,T038,2025-07-08,99,61,16,22
389,T039,2025-07-08,199,156,11,32
390,T040,2025-07-08,171,98,61,12
391,T041,2025-07-08,108,23,54,31
392,T042,2025-07-08,93,58,11,24
393,T043,2025-07-08,197,70,82,45
394,T044,2025-07-08,55,26,18,11
395,T045,2025-07-08,141,21,51,69
396,T046,2025-07-08,136,81,31,24
397,T047,2025-07-08,109,88,11,10
398,T048,2025-07-08,72,42,19,11
399,T049,2025-07-08,50,26,11,13
400,T050,2025-07-08,184,130,16,38
401,T001,2025-07-09,105,46,16,43
402,T002,2025-07-09,82,20,29,33
403,T003,2025-07-09,143,29,55,59
404,T004,2025-07-09,77,44,16,17
405,T005,2025-07-09,111,45,46,20
406,T006,2025-07-09,81,54,16,11
407,T007,2025-07-09,159,137,12,10
408,T008,2025-07-09,90,38,28,24
409,T009,2025-07-09,71,46,15,10
410,T010,2025-07-09,84,42,17,25
411,T011,2025-07-09,59,23,15,21
412,T012,2025-07-09,154,75,15,64
413,T013,2025-07-09,151,108,24,19
414,T014,2025-07-09,103,25,65,13
415,T015,2025-07-09,192,112,26,54
416,T016,2025-07-09,184,104,14,66
417,T017,2025-07-09,133,46,45,42
418,T018,2025-07-09,168,50,25,93
419,T019,2025-07-09,95,64,21,10
420,T020,2025-07-09,174,37,111,26
421,T021,2025-07-09,70,31,18,21
422,T022,2025-07-09,50,21,18,11
423,T023,2025-07-09,174,102,26,46
424,T024,2025-07-09,178,93,45,40
425,T025,2025-07-09,85,40,16,29
426,T026,2025-07-09,162,64,73,25
427,T027,2025-07-09,119,77,27,15
428,T028,2025-07-09,83,37,15,31
429,T029,2025-07-09,200,35,48,117
430,T030,2025-07-09,154,100,23,31
431,T031,2025-07-09,122,27,42,53
432,T032,2025-07-09,163,71,64,28
433,T033,2025-07-09,154,34,10,110
434,T034,2025-07-09,144,51,36,57
435,T035,2025-07-09,93,42,17,34
436,T036,2025-07-09,173,22,68,83
437,T037,2025-07-09,195,30,47,118
438,T038,2025-07-09,154,67,54,33
439,T039,2025-07-09,109,36,51,22
440,T040,2025-07-09,74,37,16,21
441,T041,2025-07-09,140,80,19,41
442,T042,2025-07-09,185,115,25,45
443,T043,2025-07-09,128,96,15,17
444,T044,2025-07-09,87,38,33,16
445,T045,2025-07-09,125,31,50,44
446,T046,2025-07-09,87,21,19,47
447,T047,2025-07-09,173,149,11,13
448,T048,2025-07-09,101,77,14,10
449,T049,2025-07-09,90,39,31,20
450,T050,2025-07-09,178,120,16,42
451,T001,2025-07-10,85,47,25,13
452,T002,2025-07-10,95,35,47,13
453,T003,2025-07-10,107,57,22,28
454,T004,2025-07-10,144,74,58,12
455,T005,2025-07-10,52,32,10,10
456,T006,2025-07-10,83,33,30,20
457,T007,2025-07-10,126,26,35,65
458,T008,2025-07-10,143,100,13,30
459,T009,2025-07-10,120,40,39,41
460,T010,2025-07-10,141,104,15,22
461,T011,2025-07-10,137,26,21,90
462,T012,2025-07-10,114,60,41,13
463,T013,2025-07-10,186,127,15,44
464,T014,2025-07-10,87,40,31,16
465,T015,2025-07-10,70,42,18,10
466,T016,2025-07-10,145,95,32,18
467,T017,2025-07-10,193,141,33,19
468,T018,2025-07-10,104,39,30,35
469,T019,2025-07-10,59,25,21,13
470,T020,2025-07-10,103,63,20,20
471,T021,2025-07-10,65,38,16,11
472,T022,2025-07-10,77,22,24,31
473,T023,2025-07-10,78,41,10,27
474,T024,2025-07-10,139,47,55,37
475,T025,2025-07-10,59,25,20,14
476,T026,2025-07-10,103,57,33,13
477,T027,2025-07-10,55,22,15,18
478,T028,2025-07-10,103,78,13,12
479,T029,2025-07-10,192,134,45,13
480,T030,2025-07-10,129,109,10,10
481,T031,2025-07-10,200,54,23,123
482,T032,2025-07-10,160,50,82,28
483,T033,2025-07-10,176,35,23,118
484,T034,2025-07-10,58,33,10,15
485,T035,2025-07-10,189,134,26,29
486,T036,2025-07-10,67,45,12,10
487,T037,2025-07-10,125,98,17,10
488,T038,2025-07-10,175,47,96,32
489,T039,2025-07-10,175,77,69,29
490,T040,2025-07-10,120,36,51,33
491,T041,2025-07-10,51,24,17,10
492,T042,2025-07-10,191,23,114,54
493,T043,2025-07-10,87,60,14,13
494,T044,2025-07-10,105,42,44,19
495,T045,2025-07-10,166,126,14,26
496,T046,2025-07-10,64,27,12,25
497,T047,2025-07-10,70,46,12,12
498,T048,2025-07-10,75,21,37,17
499,T049,2025-07-10,174,66,21,87
500,T050,2025-07-10,90,42,22,26
501,T001,2025-07-11,50,21,12,17
502,T002,2025-07-11,90,40,18,32
503,T003,2025-07-11,198,156,30,12
504,T004,2025-07-11,74,32,31,11
505,T005,2025-07-11,90,64,15,11
506,T006,2025-07-11,150,39,56,55
507,T007,2025-07-11,146,29,98,19
508,T008,2025-07-11,122,61,17,44
509,T009,2025-07-11,150,76,55,19
510,T010,2025-07-11,113,28,56,29
511,T011,2025-07-11,173,101,37,35
512,T012,2025-07-11,65,28,13,24
513,T013,2025-07-11,89,64,11,14
514,T014,2025-07-11,109,60,14,35
515,T015,2025-07-11,160,110,30,20
516,T016,2025-07-11,196,90,74,32
517,T017,2025-07-11,72,38,10,24
518,T018,2025-07-11,153,87,12,54
519,T019,2025-07-11,122,38,47,37
520,T020,2025-07-11,152,58,66,28
521,T021,2025-07-11,189,103,46,40
522,T022,2025-07-11,161,82,41,38
523,T023,2025-07-11,58,23,12,23
524,T024,2025-07-11,166,65,61,40
525,T025,2025-07-11,158,133,15,10
526,T026,2025-07-11,76,39,27,10
527,T027,2025-07-11,156,44,22,90
528,T028,2025-07-11,128,42,63,23
529,T029,2025-07-11,55,29,16,10
530,T030,2025-07-11,132,77,44,11
531,T031,2025-07-11,134,109,10,15
532,T032,2025-07-11,161,72,45,44
533,T033,2025-07-11,179,102,27,50
534,T034,2025-07-11,157,27,70,60
535,T035,2025-07-11,119,60,48,11
536,T036,2025-07-11,122,21,67,34
537,T037,2025-07-11,88,68,10,10
538,T038,2025-07-11,108,51,16,41
539,T039,2025-07-11,63,36,17,10
540,T040,2025-07-11,94,28,54,12
541,T041,2025-07-11,90,60,13,17
542,T042,2025-07-11,86,66,10,10
543,T043,2025-07-11,150,100,10,40
544,T044,2025-07-11,113,91,11,11
545,T045,2025-07-11,192,170,10,12
546,T046,2025-07-11,194,73,81,40
547,T047,2025-07-11,114,54,40,20
548,T048,2025-07-11,185,95,37,53
549,T049,2025-07-11,100,55,12,33
550,T050,2025-07-11,125,75,12,38
551,T001,2025-07-12,70,29,11,30
552,T002,2025-07-12,117,25,20,72
553,T003,2025-07-12,138,32,68,38
554,T004,2025-07-12,79,43,22,14
555,T005,2025-07-12,66,30,16,20
556,T006,2025-07-12,111,34,50,27
557,T007,2025-07-12,101,70,19,12
558,T008,2025-07-12,151,131,10,10
559,T009,2025-07-12,58,20,11,27
560,T010,2025-07-12,56,23,13,20
561,T011,2025-07-12,154,67,30,57
562,T012,2025-07-12,143,21,32,90
563,T013,2025-07-12,116,43,35,38
564,T014,2025-07-12,60,31,14,15
565,T015,2025-07-12,96,37,23,36
566,T016,2025-07-12,180,47,58,75
567,T017,2025-07-12,116,68,21,27
568,T018,2025-07-12,156,64,74,18
569,T019,2025-07-12,65,43,12,10
570,T020,2025-07-12,106,58,24,24
571,T021,2025-07-12,164,39,33,92
572,T022,2025-07-12,159,54,26,79
573,T023,2025-07-12,82,58,11,13
574,T024,2025-07-12,190,119,33,38
575,T025,2025-07-12,133,37,23,73
576,T026,2025-07-12,125,82,32,11
577,T027,2025-07-12,67,46,11,10
578,T028,2025-07-12,137,60,57,20
579,T029,2025-07-12,127,25,85,17
580,T030,2025-07-12,70,35,13,22
581,T031,2025-07-12,65,43,10,12
582,T032,2025-07-12,69,22,12,35
583,T033,2025-07-12,102,33,53,16
584,T034,2025-07-12,129,22,28,79
585,T035,2025-07-12,86,23,41,22
586,T036,2025-07-12,187,64,77,46
587,T037,2025-07-12,55,29,13,13
588,T038,2025-07-12,55,24,10,21
589,T039,2025-07-12,175,85,39,51
590,T040,2025-07-12,134,107,11,16
591,T041,2025-07-12,90,27,46,17
592,T042,2025-07-12,148,112,11,25
593,T043,2025-07-12,114,93,10,11
594,T044,2025-07-12,56,35,10,11
595,T045,2025-07-12,138,111,15,12
596,T046,2025-07-12,114,50,51,13
597,T047,2025-07-12,113,78,17,18
598,T048,2025-07-12,87,25,49,13
599,T049,2025-07-12,52,21,15,16
600,T050,2025-07-12,185,132,38,15
601,T001,2025-07-13,80,27,31,22
602,T002,2025-07-13,62,26,14,22
603,T003,2025-07-13,80,35,20,25
604,T004,2025-07-13,185,156,15,14
605,T005,2025-07-13,96,33,40,23
606,T006,2025-07-13,173,118,18,37
607,T007,2025-07-13,162,64,23,75
608,T008,2025-07-13,199,140,34,25
609,T009,2025-07-13,69,31,19,19
610,T010,2025-07-13,161,55,83,23
611,T011,2025-07-13,74,41,14,19
612,T012,2025-07-13,127,66,41,20
613,T013,2025-07-13,147,102,19,26
614,T014,2025-07-13,93,22,39,32
615,T015,2025-07-13,192,163,10,19
616,T016,2025-07-13,101,65,12,24
617,T017,2025-07-13,82,61,10,11
618,T018,2025-07-13,181,131,27,23
619,T019,2025-07-13,136,75,11,50
620,T020,2025-07-13,161,87,37,37
621,T021,2025-07-13,85,65,10,10
622,T022,2025-07-13,100,48,25,27
623,T023,2025-07-13,104,35,39,30
624,T024,2025-07-13,122,34,78,10
625,T025,2025-07-13,119,75,29,15
626,T026,2025-07-13,179,158,11,10
627,T027,2025-07-13,133,93,16,24
628,T028,2025-07-13,166,63,28,75
629,T029,2025-07-13,78,33,31,14
630,T030,2025-07-13,78,48,13,17
631,T031,2025-07-13,116,26,50,40
632,T032,2025-07-13,197,171,11,15
633,T033,2025-07-13,63,40,12,11
634,T034,2025-07-13,196,88,36,72
635,T035,2025-07-13,103,81,12,10
636,T036,2025-07-13,106,48,37,21
637,T037,2025-07-13,99,46,28,25
638,T038,2025-07-13,96,42,27,27
639,T039,2025-07-13,84,24,28,32
640,T040,2025-07-13,83,52,10,21
641,T041,2025-07-13,177,107,39,31
642,T042,2025-07-13,157,55,86,16
643,T043,2025-07-13,176,25,25,126
644,T044,2025-07-13,63,39,11,13
645,T045,2025-07-13,86,41,18,27
646,T046,2025-07-13,125,29,17,79
647,T047,2025-07-13,65,43,11,11
648,T048,2025-07-13,93,54,16,23
649,T049,2025-07-13,171,96,65,10
650,T050,2025-07-13,55,30,13,12
651,T001,2025-07-14,197,134,10,53
652,T002,2025-07-14,158,58,88,12
653,T003,2025-07-14,130,84,28,18
654,T004,2025-07-14,188,29,137,22
655,T005,2025-07-14,176,154,12,10
656,T006,2025-07-14,63,38,10,15
657,T007,2025-07-14,142,58,63,21
658,T008,2025-07-14,50,25,13,12
659,T009,2025-07-14,68,26,19,23
660,T010,2025-07-14,103,22,25,56
661,T011,2025-07-14,162,51,38,73
662,T012,2025-07-14,106,81,11,14
663,T013,2025-07-14,151,45,50,56
664,T014,2025-07-14,162,51,82,29
665,T015,2025-07-14,72,32,19,21
666,T016,2025-07-14,66,46,10,10
667,T017,2025-07-14,192,51,131,10
668,T018,2025-07-14,114,32,56,26
669,T019,2025-07-14,87,56,18,13
670,T020,2025-07-14,132,87,10,35
671,T021,2025-07-14,197,64,12,121
672,T022,2025-07-14,58,21,20,17
673,T023,2025-07-14,87,67,10,10
674,T024,2025-07-14,133,20,17,96
675,T025,2025-07-14,193,33,71,89
676,T026,2025-07-14,73,44,15,14
677,T027,2025-07-14,84,37,11,36
678,T028,2025-07-14,111,43,52,16
679,T029,2025-07-14,58,31,17,10
680,T030,2025-07-14,116,21,67,28
681,T031,2025-07-14,89,57,18,14
682,T032,2025-07-14,77,25,21,31
683,T033,2025-07-14,59,34,10,15
684,T034,2025-07-14,162,70,76,16
685,T035,2025-07-14,70,33,18,19
686,T036,2025-07-14,162,85,17,60
687,T037,2025-07-14,104,52,13,39
688,T038,2025-07-14,130,87,16,27
689,T039,2025-07-14,197,118,38,41
690,T040,2025-07-14,88,33,38,17
691,T041,2025-07-14,88,48,29,11
692,T042,2025-07-14,178,48,99,31
693,T043,2025-07-14,55,23,18,14
694,T044,2025-07-14,99,73,12,14
695,T045,2025-07-14,183,102,22,59
696,T046,2025-07-14,157,47,29,81
697,T047,2025-07-14,103,53,40,10
698,T048,2025-07-14,113,31,40,42
699,T049,2025-07-14,152,77,17,58
700,T050,2025-07-14,151,62,13,76
701,T001,2025-07-15,99,72,16,11
702,T002,2025-07-15,155,35,65,55
703,T003,2025-07-15,113,30,58,25
704,T004,2025-07-15,164,50,58,56
705,T005,2025-07-15,136,105,10,21
706,T006,2025-07-15,153,83,21,49
707,T007,2025-07-15,86,57,11,18
708,T008,2025-07-15,103,75,12,16
709,T009,2025-07-15,147,117,19,11
710,T010,2025-07-15,106,54,30,22
711,T011,2025-07-15,123,31,55,37
712,T012,2025-07-15,141,78,27,36
713,T013,2025-07-15,183,55,96,32
714,T014,2025-07-15,74,21,37,16
715,T015,2025-07-15,63,34,13,16
716,T016,2025-07-15,179,109,49,21
717,T017,2025-07-15,55,20,21,14
718,T018,2025-07-15,162,49,52,61
719,T019,2025-07-15,118,65,28,25
720,T020,2025-07-15,149,47,17,85
721,T021,2025-07-15,126,68,40,18
722,T022,2025-07-15,151,93,20,38
723,T023,2025-07-15,155,92,24,39
724,T024,2025-07-15,77,57,10,10
725,T025,2025-07-15,158,80,16,62
726,T026,2025-07-15,191,160,14,17
727,T027,2025-07-15,56,27,17,12
728,T028,2025-07-15,76,49,13,14
729,T029,2025-07-15,52,25,15,12
730,T030,2025-07-15,135,47,18,70
731,T031,2025-07-15,143,28,87,28
732,T032,2025-07-15,139,93,32,14
733,T033,2025-07-15,180,112,49,19
734,T034,2025-07-15,160,126,16,18
735,T035,2025-07-15,93,69,14,10
736,T036,2025-07-15,81,51,17,13
737,T037,2025-07-15,117,73,21,23
738,T038,2025-07-15,163,80,67,16
739,T039,2025-07-15,135,67,29,39
740,T040,2025-07-15,113,71,15,27
741,T041,2025-07-15,165,81,59,25
742,T042,2025-07-15,185,62,20,103
743,T043,2025-07-15,87,37,21,29
744,T044,2025-07-15,82,37,26,19
745,T045,2025-07-15,103,41,27,35
746,T046,2025-07-15,174,107,27,40
747,T047,2025-07-15,115,21,54,40
748,T048,2025-07-15,106,47,27,32
749,T049,2025-07-15,141,106,17,18
750,T050,2025-07-15,161,63,14,84
751,T001,2025-07-16,63,37,16,10
752,T002,2025-07-16,88,29,32,27
753,T003,2025-07-16,126,44,52,30
754,T004,2025-07-16,77,52,10,15
755,T005,2025-07-16,112,71,14,27
756,T006,2025-07-16,188,50,18,120
757,T007,2025-07-16,79,31,13,35
758,T008,2025-07-16,65,38,13,14
759,T009,2025-07-16,124,56,48,20
760,T010,2025-07-16,131,46,50,35
761,T011,2025-07-16,149,37,65,47
762,T012,2025-07-16,93,35,44,14
763,T013,2025-07-16,145,71,38,36
764,T014,2025-07-16,70,39,21,10
765,T015,2025-07-16,89,58,20,11
766,T016,2025-07-16,123,60,39,24
767,T017,2025-07-16,110,30,30,50
768,T018,2025-07-16,190,91,32,67
769,T019,2025-07-16,148,29,63,56
770,T020,2025-07-16,194,128,51,15
771,T021,2025-07-16,179,63,38,78
772,T022,2025-07-16,78,38,29,11
773,T023,2025-07-16,172,42,68,62
774,T024,2025-07-16,66,27,29,10
775,T025,2025-07-16,69,37,21,11
776,T026,2025-07-16,118,97,10,11
777,T027,2025-07-16,57,33,12,12
778,T028,2025-07-16,114,56,46,12
779,T029,2025-07-16,82,43,14,25
780,T030,2025-07-16,136,103,19,14
781,T031,2025-07-16,172,112,20,40
782,T032,2025-07-16,65,36,14,15
783,T033,2025-07-16,134,30,52,52
784,T034,2025-07-16,166,133,19,14
785,T035,2025-07-16,181,52,96,33
786,T036,2025-07-16,77,54,11,12
787,T037,2025-07-16,70,47,12,11
788,T038,2025-07-16,131,23,92,16
789,T039,2025-07-16,134,88,23,23
790,T040,2025-07-16,54,32,10,12
791,T041,2025-07-16,60,35,14,11
792,T042,2025-07-16,128,70,35,23
793,T043,2025-07-16,189,116,20,53
794,T044,2025-07-16,75,48,14,13
795,T045,2025-07-16,86,41,32,13
796,T046,2025-07-16,139,77,50,12
797,T047,2025-07-16,119,23,18,78
798,T048,2025-07-16,110,45,13,52
799,T049,2025-07-16,100,70,10,20
800,T050,2025-07-16,125,53,34,38
801,T001,2025-07-17,175,94,62,19
802,T002,2025-07-17,61,29,20,12
803,T003,2025-07-17,120,91,13,16
804,T004,2025-07-17,172,92,13,67
805,T005,2025-07-17,109,68,16,25
806,T006,2025-07-17,104,61,22,21
807,T007,2025-07-17,51,21,17,13
808,T008,2025-07-17,61,26,17,18
809,T009,2025-07-17,160,63,75,22
810,T010,2025-07-17,85,44,23,18
811,T011,2025-07-17,175,55,55,65
812,T012,2025-07-17,117,62,17,38
813,T013,2025-07-17,98,54,28,16
814,T014,2025-07-17,105,39,11,55
815,T015,2025-07-17,124,77,15,32
816,T016,2025-07-17,149,72,40,37
817,T017,2025-07-17,72,23,17,32
818,T018,2025-07-17,155,116,17,22
819,T019,2025-07-17,168,56,31,81
820,T020,2025-07-17,138,37,52,49
821,T021,2025-07-17,192,105,28,59
822,T022,2025-07-17,191,120,34,37
823,T023,2025-07-17,154,26,111,17
824,T024,2025-07-17,186,62,54,70
825,T025,2025-07-17,180,101,37,42
826,T026,2025-07-17,117,30,53,34
827,T027,2025-07-17,102,68,23,11
828,T028,2025-07-17,66,40,13,13
829,T029,2025-07-17,131,20,84,27
830,T030,2025-07-17,124,63,36,25
831,T031,2025-07-17,130,105,13,12
832,T032,2025-07-17,174,146,10,18
833,T033,2025-07-17,55,27,13,15
834,T034,2025-07-17,145,85,19,41
835,T035,2025-07-17,102,82,10,10
836,T036,2025-07-17,54,30,11,13
837,T037,2025-07-17,148,122,12,14
838,T038,2025-07-17,77,34,22,21
839,T039,2025-07-17,64,34,14,16
840,T040,2025-07-17,64,41,12,11
841,T041,2025-07-17,200,23,80,97
842,T042,2025-07-17,53,33,10,10
843,T043,2025-07-17,138,53,22,63
844,T044,2025-07-17,107,85,12,10
845,T045,2025-07-17,117,28,26,63
846,T046,2025-07-17,189,123,52,14
847,T047,2025-07-17,152,22,101,29
848,T048,2025-07-17,96,74,11,11
849,T049,2025-07-17,103,54,29,20
850,T050,2025-07-17,123,68,40,15
851,T001,2025-07-18,180,60,89,31
852,T002,2025-07-18,158,123,20,15
853,T003,2025-07-18,136,62,20,54
854,T004,2025-07-18,100,64,24,12
855,T005,2025-07-18,198,91,42,65
856,T006,2025-07-18,143,114,15,14
857,T007,2025-07-18,155,74,10,71
858,T008,2025-07-18,184,138,14,32
859,T009,2025-07-18,178,97,45,36
860,T010,2025-07-18,139,50,67,22
861,T011,2025-07-18,117,95,10,12
862,T012,2025-07-18,182,105,51,26
863,T013,2025-07-18,196,73,64,59
864,T014,2025-07-18,96,57,25,14
865,T015,2025-07-18,147,95,10,42
866,T016,2025-07-18,115,31,39,45
867,T017,2025-07-18,121,80,19,22
868,T018,2025-07-18,102,55,27,20
869,T019,2025-07-18,97,20,51,26
870,T020,2025-07-18,156,42,19,95
871,T021,2025-07-18,146,30,25,91
872,T022,2025-07-18,159,33,50,76
873,T023,2025-07-18,190,22,65,103
874,T024,2025-07-18,158,32,18,108
875,T025,2025-07-18,88,56,19,13
876,T026,2025-07-18,179,144,15,20
877,T027,2025-07-18,138,93,19,26
878,T028,2025-07-18,59,21,15,23
879,T029,2025-07-18,138,31,75,32
880,T030,2025-07-18,117,81,16,20
881,T031,2025-07-18,80,38,28,14
882,T032,2025-07-18,180,30,139,11
883,T033,2025-07-18,157,135,11,11
884,T034,2025-07-18,177,25,38,114
885,T035,2025-07-18,124,20,21,83
886,T036,2025-07-18,158,136,10,12
887,T037,2025-07-18,185,130,34,21
888,T038,2025-07-18,62,36,13,13
889,T039,2025-07-18,148,78,13,57
890,T040,2025-07-18,192,66,70,56
891,T041,2025-07-18,114,84,20,10
892,T042,2025-07-18,120,58,14,48
893,T043,2025-07-18,77,30,21,26
894,T044,2025-07-18,64,32,11,21
895,T045,2025-07-18,181,108,22,51
896,T046,2025-07-18,122,76,14,32
897,T047,2025-07-18,140,107,16,17
898,T048,2025-07-18,99,36,11,52
899,T049,2025-07-18,133,39,55,39
900,T050,2025-07-18,138,103,11,24
901,T001,2025-07-19,54,28,10,16
902,T002,2025-07-19,163,25,38,100
903,T003,2025-07-19,103,77,11,15
904,T004,2025-07-19,171,79,52,40
905,T005,2025-07-19,97,43,11,43
906,T006,2025-07-19,151,71,42,38
907,T007,2025-07-19,146,63,58,25
908,T008,2025-07-19,195,26,139,30
909,T009,2025-07-19,136,43,51,42
910,T010,2025-07-19,83,50,15,18
911,T011,2025-07-19,164,43,21,100
912,T012,2025-07-19,94,30,31,33
913,T013,2025-07-19,181,155,13,13
914,T014,2025-07-19,83,27,39,17
915,T015,2025-07-19,189,123,12,54
916,T016,2025-07-19,188,45,76,67
917,T017,2025-07-19,133,100,21,12
918,T018,2025-07-19,101,60,24,17
919,T019,2025-07-19,174,50,84,40
920,T020,2025-07-19,65,21,23,21
921,T021,2025-07-19,122,89,10,23
922,T022,2025-07-19,69,21,23,25
923,T023,2025-07-19,196,106,67,23
924,T024,2025-07-19,82,49,15,18
925,T025,2025-07-19,135,82,34,19
926,T026,2025-07-19,143,42,33,68
927,T027,2025-07-19,90,49,31,10
928,T028,2025-07-19,128,50,65,13
929,T029,2025-07-19,155,113,10,32
930,T030,2025-07-19,182,49,89,44
931,T031,2025-07-19,171,117,14,40
932,T032,2025-07-19,131,98,11,22
933,T033,2025-07-19,115,47,19,49
934,T034,2025-07-19,63,37,15,11
935,T035,2025-07-19,171,52,11,108
936,T036,2025-07-19,180,142,14,24
937,T037,2025-07-19,62,23,27,12
938,T038,2025-07-19,80,38,19,23
939,T039,2025-07-19,71,28,19,24
940,T040,2025-07-19,146,76,54,16
941,T041,2025-07-19,102,37,40,25
942,T042,2025-07-19,65,22,29,14
943,T043,2025-07-19,190,118,46,26
944,T044,2025-07-19,137,43,16,78
945,T045,2025-07-19,82,28,23,31
946,T046,2025-07-19,184,89,70,25
947,T047,2025-07-19,133,102,10,21
948,T048,2025-07-19,92,40,34,18
949,T049,2025-07-19,54,31,13,10
950,T050,2025-07-19,133,59,55,19
951,T001,2025-07-20,58,35,11,12
952,T002,2025-07-20,190,150,22,18
953,T003,2025-07-20,101,30,33,38
954,T004,2025-07-20,177,139,21,17
955,T005,2025-07-20,116,92,14,10
956,T006,2025-07-20,97,64,22,11
957,T007,2025-07-20,105,31,58,16
958,T008,2025-07-20,82,48,17,17
959,T009,2025-07-20,111,33,21,57
960,T010,2025-07-20,52,28,10,14
961,T011,2025-07-20,84,28,24,32
962,T012,2025-07-20,184,23,124,37
963,T013,2025-07-20,192,44,39,109
964,T014,2025-07-20,182,64,88,30
965,T015,2025-07-20,53,20,15,18
966,T016,2025-07-20,77,42,16,19
967,T017,2025-07-20,98,62,20,16
968,T018,2025-07-20,134,72,23,39
969,T019,2025-07-20,89,69,10,10
970,T020,2025-07-20,182,25,99,58
971,T021,2025-07-20,189,94,51,44
972,T022,2025-07-20,161,126,10,25
973,T023,2025-07-20,169,26,124,19
974,T024,2025-07-20,171,94,29,48
975,T025,2025-07-20,122,90,12,20
976,T026,2025-07-20,100,20,56,24
977,T027,2025-07-20,52,22,18,12
978,T028,2025-07-20,156,65,39,52
979,T029,2025-07-20,78,44,11,23
980,T030,2025-07-20,88,27,40,21
981,T031,2025-07-20,68,47,11,10
982,T032,2025-07-20,141,35,95,11
983,T033,2025-07-20,94,38,20,36
984,T034,2025-07-20,141,21,14,106
985,T035,2025-07-20,109,20,63,26
986,T036,2025-07-20,93,54,29,10
987,T037,2025-07-20,191,22,93,76
988,T038,2025-07-20,102,81,11,10
989,T039,2025-07-20,112,25,40,47
990,T040,2025-07-20,195,165,17,13
991,T041,2025-07-20,103,55,31,17
992,T042,2025-07-20,184,116,30,38
993,T043,2025-07-20,68,26,17,25
994,T044,2025-07-20,116,45,30,41
995,T045,2025-07-20,159,73,31,55
996,T046,2025-07-20,146,70,19,57
997,T047,2025-07-20,101,53,13,35
998,T048,2025-07-20,57,21,17,19
999,T049,2025-07-20,97,21,27,49
1000,T050,2025-07-20,133,41,34,58
1001,T001,2025-07-21,90,58,19,13
1002,T002,2025-07-21,105,35,23,47
1003,T003,2025-07-21,119,26,45,48
1004,T004,2025-07-21,188,104,49,35
1005,T005,2025-07-21,137,72,41,24
1006,T006,2025-07-21,130,79,30,21
1007,T007,2025-07-21,173,116,38,19
1008,T008,2025-07-21,184,133,32,19
1009,T009,2025-07-21,67,44,12,11
1010,T010,2025-07-21,182,49,83,50
1011,T011,2025-07-21,142,117,12,13
1012,T012,2025-07-21,163,69,63,31
1013,T013,2025-07-21,107,69,12,26
1014,T014,2025-07-21,56,36,10,10
1015,T015,2025-07-21,69,26,29,14
1016,T016,2025-07-21,145,58,71,16
1017,T017,2025-07-21,113,43,39,31
1018,T018,2025-07-21,74,37,11,26
1019,T019,2025-07-21,89,40,23,26
1020,T020,2025-07-21,105,42,22,41
1021,T021,2025-07-21,83,24,48,11
1022,T022,2025-07-21,142,47,33,62
1023,T023,2025-07-21,157,45,25,87
1024,T024,2025-07-21,185,36,23,126
1025,T025,2025-07-21,59,27,22,10
1026,T026,2025-07-21,80,48,15,17
1027,T027,2025-07-21,56,28,11,17
1028,T028,2025-07-21,55,26,15,14
1029,T029,2025-07-21,86,27,31,28
1030,T030,2025-07-21,152,25,37,90
1031,T031,2025-07-21,77,42,15,20
1032,T032,2025-07-21,111,22,69,20
1033,T033,2025-07-21,160,89,31,40
1034,T034,2025-07-21,170,132,18,20
1035,T035,2025-07-21,53,27,13,13
1036,T036,2025-07-21,156,63,44,49
1037,T037,2025-07-21,173,88,64,21
1038,T038,2025-07-21,55,34,10,11
1039,T039,2025-07-21,81,59,11,11
1040,T040,2025-07-21,93,50,23,20
1041,T041,2025-07-21,151,123,11,17
1042,T042,2025-07-21,191,70,85,36
1043,T043,2025-07-21,160,107,30,23
1044,T044,2025-07-21,147,49,87,11
1045,T045,2025-07-21,145,42,22,81
1046,T046,2025-07-21,101,27,64,10
1047,T047,2025-07-21,136,65,55,16
1048,T048,2025-07-21,146,44,44,58
1049,T049,2025-07-21,195,109,36,50
1050,T050,2025-07-21,145,107,17,21
1051,T001,2025-07-22,168,62,34,72
1052,T002,2025-07-22,103,59,15,29
1053,T003,2025-07-22,192,74,88,30
1054,T004,2025-07-22,171,47,31,93
1055,T005,2025-07-22,88,65,12,11
1056,T006,2025-07-22,179,41,61,77
1057,T007,2025-07-22,118,83,15,20
1058,T008,2025-07-22,155,133,10,12
1059,T009,2025-07-22,62,40,12,10
1060,T010,2025-07-22,123,36,55,32
1061,T011,2025-07-22,182,73,51,58
1062,T012,2025-07-22,185,45,114,26
1063,T013,2025-07-22,72,29,23,20
1064,T014,2025-07-22,125,31,82,12
1065,T015,2025-07-22,134,21,44,69
1066,T016,2025-07-22,129,80,10,39
1067,T017,2025-07-22,127,62,22,43
1068,T018,2025-07-22,85,24,21,40
1069,T019,2025-07-22,58,24,18,16
1070,T020,2025-07-22,142,46,30,66
1071,T021,2025-07-22,152,98,39,15
1072,T022,2025-07-22,125,82,23,20
1073,T023,2025-07-22,102,43,11,48
1074,T024,2025-07-22,78,22,11,45
1075,T025,2025-07-22,71,24,35,12
1076,T026,2025-07-22,86,54,11,21
1077,T027,2025-07-22,138,103,23,12
1078,T028,2025-07-22,163,139,11,13
1079,T029,2025-07-22,55,22,10,23
1080,T030,2025-07-22,81,23,12,46
1081,T031,2025-07-22,161,84,41,36
1082,T032,2025-07-22,128,41,37,50
1083,T033,2025-07-22,188,44,44,100
1084,T034,2025-07-22,107,68,16,23
1085,T035,2025-07-22,129,70,21,38
1086,T036,2025-07-22,111,36,53,22
1087,T037,2025-07-22,66,20,20,26
1088,T038,2025-07-22,57,22,16,19
1089,T039,2025-07-22,175,144,17,14
1090,T040,2025-07-22,79,24,28,27
1091,T041,2025-07-22,55,33,12,10
1092,T042,2025-07-22,58,23,10,25
1093,T043,2025-07-22,98,62,26,10
1094,T044,2025-07-22,128,55,30,43
1095,T045,2025-07-22,175,36,65,74
1096,T046,2025-07-22,65,31,15,19
1097,T047,2025-07-22,176,55,108,13
1098,T048,2025-07-22,120,63,45,12
1099,T049,2025-07-22,185,140,32,13
1100,T050,2025-07-22,59,21,23,15
1101,T001,2025-07-23,199,176,11,12
1102,T002,2025-07-23,150,40,48,62
1103,T003,2025-07-23,71,26,22,23
1104,T004,2025-07-23,162,49,82,31
1105,T005,2025-07-23,81,59,11,11
1106,T006,2025-07-23,146,81,19,46
1107,T007,2025-07-23,165,132,19,14
1108,T008,2025-07-23,75,25,30,20
1109,T009,2025-07-23,92,46,20,26
1110,T010,2025-07-23,76,34,29,13
1111,T011,2025-07-23,53,20,11,22
1112,T012,2025-07-23,121,95,13,13
1113,T013,2025-07-23,117,87,12,18
1114,T014,2025-07-23,130,109,10,11
1115,T015,2025-07-23,81,59,12,10
1116,T016,2025-07-23,53,29,14,10
1117,T017,2025-07-23,115,79,21,15
1118,T018,2025-07-23,177,121,25,31
1119,T019,2025-07-23,130,94,21,15
1120,T020,2025-07-23,91,62,15,14
1121,T021,2025-07-23,170,124,17,29
1122,T022,2025-07-23,175,134,17,24
1123,T023,2025-07-23,103,27,49,27
1124,T024,2025-07-23,162,94,52,16
1125,T025,2025-07-23,162,48,99,15
1126,T026,2025-07-23,144,114,12,18
1127,T027,2025-07-23,149,33,19,97
1128,T028,2025-07-23,50,23,11,16
1129,T029,2025-07-23,142,27,39,76
1130,T030,2025-07-23,150,41,52,57
1131,T031,2025-07-23,185,75,26,84
1132,T032,2025-07-23,108,65,20,23
1133,T033,2025-07-23,180,149,19,12
1134,T034,2025-07-23,157,42,51,64
1135,T035,2025-07-23,173,29,94,50
1136,T036,2025-07-23,119,51,33,35
1137,T037,2025-07-23,177,82,37,58
1138,T038,2025-07-23,51,21,16,14
1139,T039,2025-07-23,150,27,11,112
1140,T040,2025-07-23,195,95,49,51
1141,T041,2025-07-23,195,43,100,52
1142,T042,2025-07-23,118,24,67,27
1143,T043,2025-07-23,51,27,14,10
1144,T044,2025-07-23,107,52,13,42
1145,T045,2025-07-23,82,54,11,17
1146,T046,2025-07-23,189,100,52,37
1147,T047,2025-07-23,160,80,56,24
1148,T048,2025-07-23,100,71,19,10
1149,T049,2025-07-23,143,110,23,10
1150,T050,2025-07-23,102,65,11,26
1151,T001,2025-07-24,200,180,10,10
1152,T002,2025-07-24,143,105,27,11
1153,T003,2025-07-24,150,50,10,90
1154,T004,2025-07-24,88,22,22,44
1155,T005,2025-07-24,166,51,26,89
1156,T006,2025-07-24,176,145,21,10
1157,T007,2025-07-24,152,47,78,27
1158,T008,2025-07-24,57,25,12,20
1159,T009,2025-07-24,194,35,26,133
1160,T010,2025-07-24,116,57,22,37
1161,T011,2025-07-24,182,153,11,18
1162,T012,2025-07-24,139,47,62,30
1163,T013,2025-07-24,111,71,27,13
1164,T014,2025-07-24,109,82,14,13
1165,T015,2025-07-24,168,148,10,10
1166,T016,2025-07-24,180,68,27,85
1167,T017,2025-07-24,143,25,75,43
1168,T018,2025-07-24,140,26,80,34
1169,T019,2025-07-24,134,48,27,59
1170,T020,2025-07-24,73,48,14,11
1171,T021,2025-07-24,120,71,16,33
1172,T022,2025-07-24,173,87,15,71
1173,T023,2025-07-24,73,29,25,19
1174,T024,2025-07-24,182,95,30,57
1175,T025,2025-07-24,60,28,21,11
1176,T026,2025-07-24,94,73,10,11
1177,T027,2025-07-24,164,139,15,10
1178,T028,2025-07-24,131,54,48,29
1179,T029,2025-07-24,147,92,23,32
1180,T030,2025-07-24,76,50,13,13
1181,T031,2025-07-24,85,47,21,17
1182,T032,2025-07-24,123,102,10,11
1183,T033,2025-07-24,113,76,17,20
1184,T034,2025-07-24,106,66,10,30
1185,T035,2025-07-24,62,36,14,12
1186,T036,2025-07-24,67,26,31,10
1187,T037,2025-07-24,125,71,16,38
1188,T038,2025-07-24,164,94,53,17
1189,T039,2025-07-24,152,63,76,13
1190,T040,2025-07-24,98,44,20,34
1191,T041,2025-07-24,165,135,10,20
1192,T042,2025-07-24,155,128,11,16
1193,T043,2025-07-24,140,83,21,36
1194,T044,2025-07-24,122,46,37,39
1195,T045,2025-07-24,106,37,12,57
1196,T046,2025-07-24,163,63,20,80
1197,T047,2025-07-24,157,120,22,15
1198,T048,2025-07-24,173,55,99,19
1199,T049,2025-07-24,104,74,18,12
1200,T050,2025-07-24,187,95,78,14
1201,T001,2025-07-25,137,108,12,17
1202,T002,2025-07-25,56,30,16,10
1203,T003,2025-07-25,187,88,26,73
1204,T004,2025-07-25,109,34,10,65
1205,T005,2025-07-25,151,52,15,84
1206,T006,2025-07-25,180,21,104,55
1207,T007,2025-07-25,64,33,15,16
1208,T008,2025-07-25,147,22,112,13
1209,T009,2025-07-25,175,155,10,10
1210,T010,2025-07-25,81,40,20,21
1211,T011,2025-07-25,129,90,25,14
1212,T012,2025-07-25,191,81,14,96
1213,T013,2025-07-25,135,73,44,18
1214,T014,2025-07-25,55,34,11,10
1215,T015,2025-07-25,186,102,12,72
1216,T016,2025-07-25,165,128,24,13
1217,T017,2025-07-25,111,22,52,37
1218,T018,2025-07-25,166,137,15,14
1219,T019,2025-07-25,101,25,63,13
1220,T020,2025-07-25,182,69,98,15
1221,T021,2025-07-25,57,31,15,11
1222,T022,2025-07-25,157,38,51,68
1223,T023,2025-07-25,57,24,17,16
1224,T024,2025-07-25,99,60,18,21
1225,T025,2025-07-25,69,25,20,24
1226,T026,2025-07-25,62,29,22,11
1227,T027,2025-07-25,190,72,103,15
1228,T028,2025-07-25,107,73,12,22
1229,T029,2025-07-25,167,45,58,64
1230,T030,2025-07-25,130,86,23,21
1231,T031,2025-07-25,106,32,41,33
1232,T032,2025-07-25,181,30,135,16
1233,T033,2025-07-25,53,22,19,12
1234,T034,2025-07-25,131,64,54,13
1235,T035,2025-07-25,77,40,14,23
1236,T036,2025-07-25,113,32,43,38
1237,T037,2025-07-25,157,40,81,36
1238,T038,2025-07-25,67,29,23,15
1239,T039,2025-07-25,185,73,101,11
1240,T040,2025-07-25,101,63,27,11
1241,T041,2025-07-25,60,34,15,11
1242,T042,2025-07-25,175,103,28,44
1243,T043,2025-07-25,145,58,54,33
1244,T044,2025-07-25,96,73,13,10
1245,T045,2025-07-25,134,35,40,59
1246,T046,2025-07-25,146,62,49,35
1247,T047,2025-07-25,81,54,16,11
1248,T048,2025-07-25,150,106,28,16
1249,T049,2025-07-25,129,89,27,13
1250,T050,2025-07-25,182,139,11,32
1251,T001,2025-07-26,114,60,37,17
1252,T002,2025-07-26,169,75,42,52
1253,T003,2025-07-26,60,31,10,19
1254,T004,2025-07-26,79,49,11,19
1255,T005,2025-07-26,153,106,18,29
1256,T006,2025-07-26,95,36,37,22
1257,T007,2025-07-26,54,29,14,11
1258,T008,2025-07-26,181,28,35,118
1259,T009,2025-07-26,200,165,20,15
1260,T010,2025-07-26,149,116,19,14
1261,T011,2025-07-26,130,23,33,74
1262,T012,2025-07-26,84,55,17,12
1263,T013,2025-07-26,189,44,80,65
1264,T014,2025-07-26,152,125,15,12
1265,T015,2025-07-26,56,30,15,11
1266,T016,2025-07-26,133,23,52,58
1267,T017,2025-07-26,89,34,30,25
1268,T018,2025-07-26,56,32,10,14
1269,T019,2025-07-26,115,52,39,24
1270,T020,2025-07-26,94,56,25,13
1271,T021,2025-07-26,56,31,14,11
1272,T022,2025-07-26,106,57,38,11
1273,T023,2025-07-26,134,109,12,13
1274,T024,2025-07-26,52,30,11,11
1275,T025,2025-07-26,60,21,29,10
1276,T026,2025-07-26,73,40,19,14
1277,T027,2025-07-26,56,27,14,15
1278,T028,2025-07-26,134,46,33,55
1279,T029,2025-07-26,121,31,18,72
1280,T030,2025-07-26,66,38,15,13
1281,T031,2025-07-26,90,57,20,13
1282,T032,2025-07-26,53,32,10,11
1283,T033,2025-07-26,70,26,31,13
1284,T034,2025-07-26,75,21,23,31
1285,T035,2025-07-26,181,71,56,54
1286,T036,2025-07-26,161,118,15,28
1287,T037,2025-07-26,131,41,11,79
1288,T038,2025-07-26,181,25,42,114
1289,T039,2025-07-26,138,107,11,20
1290,T040,2025-07-26,148,118,16,14
1291,T041,2025-07-26,64,30,11,23
1292,T042,2025-07-26,166,37,102,27
1293,T043,2025-07-26,120,79,31,10
1294,T044,2025-07-26,146,88,12,46
1295,T045,2025-07-26,139,82,23,34
1296,T046,2025-07-26,89,43,32,14
1297,T047,2025-07-26,183,76,93,14
1298,T048,2025-07-26,101,46,10,45
1299,T049,2025-07-26,186,54,20,112
1300,T050,2025-07-26,80,29,12,39
1301,T001,2025-07-27,62,41,10,11
1302,T002,2025-07-27,61,37,12,12
1303,T003,2025-07-27,178,119,32,27
1304,T004,2025-07-27,173,136,10,27
1305,T005,2025-07-27,155,113,25,17
1306,T006,2025-07-27,110,57,17,36
1307,T007,2025-07-27,195,41,12,142
1308,T008,2025-07-27,88,62,16,10
1309,T009,2025-07-27,118,96,10,12
1310,T010,2025-07-27,117,58,47,12
1311,T011,2025-07-27,91,50,31,10
1312,T012,2025-07-27,95,38,15,42
1313,T013,2025-07-27,195,156,22,17
1314,T014,2025-07-27,81,42,19,20
1315,T015,2025-07-27,81,51,17,13
1316,T016,2025-07-27,139,51,40,48
1317,T017,2025-07-27,163,77,61,25
1318,T018,2025-07-27,126,40,42,44
1319,T019,2025-07-27,131,37,22,72
1320,T020,2025-07-27,140,73,39,28
1321,T021,2025-07-27,87,40,20,27
1322,T022,2025-07-27,88,32,36,20
1323,T023,2025-07-27,142,30,59,53
1324,T024,2025-07-27,85,51,14,20
1325,T025,2025-07-27,173,110,25,38
1326,T026,2025-07-27,139,62,20,57
1327,T027,2025-07-27,58,21,11,26
1328,T028,2025-07-27,65,40,13,12
1329,T029,2025-07-27,121,77,11,33
1330,T030,2025-07-27,110,31,38,41
1331,T031,2025-07-27,78,27,14,37
1332,T032,2025-07-27,157,127,13,17
1333,T033,2025-07-27,161,121,14,26
1334,T034,2025-07-27,154,41,57,56
1335,T035,2025-07-27,181,93,71,17
1336,T036,2025-07-27,131,67,38,26
1337,T037,2025-07-27,86,43,27,16
1338,T038,2025-07-27,191,36,77,78
1339,T039,2025-07-27,126,103,12,11
1340,T040,2025-07-27,189,155,24,10
1341,T041,2025-07-27,178,51,71,56
1342,T042,2025-07-27,96,21,21,54
1343,T043,2025-07-27,136,50,73,13
1344,T044,2025-07-27,184,72,37,75
1345,T045,2025-07-27,68,44,12,12
1346,T046,2025-07-27,181,69,82,30
1347,T047,2025-07-27,118,96,12,10
1348,T048,2025-07-27,82,62,10,10
1349,T049,2025-07-27,100,25,47,28
1350,T050,2025-07-27,98,66,22,10
1351,T001,2025-07-28,52,32,10,10
1352,T002,2025-07-28,178,26,108,44
1353,T003,2025-07-28,135,48,31,56
1354,T004,2025-07-28,195,96,52,47
1355,T005,2025-07-28,140,117,12,11
1356,T006,2025-07-28,148,28,63,57
1357,T007,2025-07-28,145,44,52,49
1358,T008,2025-07-28,74,50,13,11
1359,T009,2025-07-28,193,75,18,100
1360,T010,2025-07-28,178,157,11,10
1361,T011,2025-07-28,132,20,86,26
1362,T012,2025-07-28,163,61,21,81
1363,T013,2025-07-28,155,121,13,21
1364,T014,2025-07-28,64,44,10,10
1365,T015,2025-07-28,105,69,20,16
1366,T016,2025-07-28,104,74,10,20
1367,T017,2025-07-28,114,37,51,26
1368,T018,2025-07-28,66,28,23,15
1369,T019,2025-07-28,131,89,16,26
1370,T020,2025-07-28,172,122,11,39
1371,T021,2025-07-28,109,88,11,10
1372,T022,2025-07-28,174,39,77,58
1373,T023,2025-07-28,96,27,25,44
1374,T024,2025-07-28,197,50,109,38
1375,T025,2025-07-28,134,50,72,12
1376,T026,2025-07-28,179,141,21,17
1377,T027,2025-07-28,93,20,54,19
1378,T028,2025-07-28,111,83,14,14
1379,T029,2025-07-28,91,69,12,10
1380,T030,2025-07-28,184,60,62,62
1381,T031,2025-07-28,118,66,12,40
1382,T032,2025-07-28,155,122,15,18
1383,T033,2025-07-28,162,32,12,118
1384,T034,2025-07-28,80,39,24,17
1385,T035,2025-07-28,127,74,42,11
1386,T036,2025-07-28,134,49,45,40
1387,T037,2025-07-28,133,47,42,44
1388,T038,2025-07-28,64,31,11,22
1389,T039,2025-07-28,102,59,15,28
1390,T040,2025-07-28,200,161,10,29
1391,T041,2025-07-28,196,100,23,73
1392,T042,2025-07-28,148,36,54,58
1393,T043,2025-07-28,180,97,47,36
1394,T044,2025-07-28,179,72,30,77
1395,T045,2025-07-28,94,69,12,13
1396,T046,2025-07-28,137,22,73,42
1397,T047,2025-07-28,54,20,11,23
1398,T048,2025-07-28,119,83,13,23
1399,T049,2025-07-28,173,28,57,88
1400,T050,2025-07-28,142,77,17,48
1401,T001,2025-07-29,77,34,27,16
1402,T002,2025-07-29,195,158,19,18
1403,T003,2025-07-29,151,20,14,117
1404,T004,2025-07-29,168,39,109,20
1405,T005,2025-07-29,75,41,24,10
1406,T006,2025-07-29,187,75,68,44
1407,T007,2025-07-29,98,62,21,15
1408,T008,2025-07-29,62,31,19,12
1409,T009,2025-07-29,160,39,74,47
1410,T010,2025-07-29,92,72,10,10
1411,T011,2025-07-29,139,98,19,22
1412,T012,2025-07-29,112,21,37,54
1413,T013,2025-07-29,51,20,17,14
1414,T014,2025-07-29,182,84,41,57
1415,T015,2025-07-29,119,88,12,19
1416,T016,2025-07-29,104,77,16,11
1417,T017,2025-07-29,133,74,42,17
1418,T018,2025-07-29,92,38,12,42
1419,T019,2025-07-29,75,41,14,20
1420,T020,2025-07-29,64,22,23,19
1421,T021,2025-07-29,124,97,15,12
1422,T022,2025-07-29,126,22,15,89
1423,T023,2025-07-29,67,46,11,10
1424,T024,2025-07-29,185,117,14,54
1425,T025,2025-07-29,136,43,83,10
1426,T026,2025-07-29,69,30,13,26
1427,T027,2025-07-29,197,32,65,100
1428,T028,2025-07-29,57,23,20,14
1429,T029,2025-07-29,195,89,61,45
1430,T030,2025-07-29,121,93,16,12
1431,T031,2025-07-29,83,46,26,11
1432,T032,2025-07-29,115,94,10,11
1433,T033,2025-07-29,81,27,15,39
1434,T034,2025-07-29,54,24,16,14
1435,T035,2025-07-29,191,56,58,77
1436,T036,2025-07-29,98,55,32,11
1437,T037,2025-07-29,195,93,34,68
1438,T038,2025-07-29,143,108,24,11
1439,T039,2025-07-29,183,51,27,105
1440,T040,2025-07-29,113,89,12,12
1441,T041,2025-07-29,80,23,42,15
1442,T042,2025-07-29,97,25,23,49
1443,T043,2025-07-29,140,39,35,66
1444,T044,2025-07-29,174,104,26,44
1445,T045,2025-07-29,72,31,11,30
1446,T046,2025-07-29,117,49,20,48
1447,T047,2025-07-29,130,96,12,22
1448,T048,2025-07-29,93,65,11,17
1449,T049,2025-07-29,76,26,21,29
1450,T050,2025-07-29,158,95,14,49
1451,T001,2025-07-30,111,77,15,19
1452,T002,2025-07-30,181,121,40,20
1453,T003,2025-07-30,92,67,11,14
1454,T004,2025-07-30,52,28,10,14
1455,T005,2025-07-30,183,128,11,44
1456,T006,2025-07-30,93,44,26,23
1457,T007,2025-07-30,80,29,23,28
1458,T008,2025-07-30,53,23,17,13
1459,T009,2025-07-30,74,36,28,10
1460,T010,2025-07-30,94,26,41,27
1461,T011,2025-07-30,137,69,35,33
1462,T012,2025-07-30,136,55,68,13
1463,T013,2025-07-30,88,30,21,37
1464,T014,2025-07-30,131,106,13,12
1465,T015,2025-07-30,96,46,33,17
1466,T016,2025-07-30,68,23,15,30
1467,T017,2025-07-30,154,71,39,44
1468,T018,2025-07-30,115,43,20,52
1469,T019,2025-07-30,184,24,79,81
1470,T020,2025-07-30,155,67,52,36
1471,T021,2025-07-30,173,80,72,21
1472,T022,2025-07-30,131,23,41,67
1473,T023,2025-07-30,104,81,11,12
1474,T024,2025-07-30,178,140,24,14
1475,T025,2025-07-30,90,53,12,25
1476,T026,2025-07-30,190,102,57,31
1477,T027,2025-07-30,66,46,10,10
1478,T028,2025-07-30,112,23,73,16
1479,T029,2025-07-30,75,40,10,25
1480,T030,2025-07-30,149,60,38,51
1481,T031,2025-07-30,50,22,11,17
1482,T032,2025-07-30,76,22,31,23
1483,T033,2025-07-30,69,48,11,10
1484,T034,2025-07-30,150,68,62,20
1485,T035,2025-07-30,193,87,34,72
1486,T036,2025-07-30,65,41,11,13
1487,T037,2025-07-30,52,29,12,11
1488,T038,2025-07-30,144,117,14,13
1489,T039,2025-07-30,105,52,43,10
1490,T040,2025-07-30,86,27,24,35
1491,T041,2025-07-30,126,90,25,11
1492,T042,2025-07-30,154,40,84,30
1493,T043,2025-07-30,170,128,25,17
1494,T044,2025-07-30,77,54,10,13
1495,T045,2025-07-30,196,89,45,62
1496,T046,2025-07-30,190,105,67,18
1497,T047,2025-07-30,87,26,20,41
1498,T048,2025-07-30,76,22,27,27
1499,T049,2025-07-30,90,41,13,36
1500,T050,2025-07-30,196,137,14,45
