Maintenance_id,Toilet_id,Date_scheduled,Status
M0001,T001,2025-07-05,Missed
M0002,T001,2025-07-14,Pending
M0003,T002,2025-07-03,Missed
M0004,T002,2025-07-09,Completed
M0005,T003,2025-07-01,Missed
M0006,T003,2025-07-20,Missed
M0007,T004,2025-07-03,Completed
M0008,T004,2025-07-09,Missed
M0009,T005,2025-07-21,Completed
M0010,T005,2025-07-01,Missed
M0011,T006,2025-07-16,Completed
M0012,T006,2025-07-10,Pending
M0013,T007,2025-07-24,Completed
M0014,T007,2025-07-06,Pending
M0015,T008,2025-07-16,Missed
M0016,T008,2025-07-02,Missed
M0017,T009,2025-07-03,Missed
M0018,T009,2025-07-09,Missed
M0019,T010,2025-07-16,Missed
M0020,T010,2025-07-04,Missed
M0021,T011,2025-07-29,Completed
M0022,T011,2025-07-09,Missed
M0023,T012,2025-07-10,Pending
M0024,T012,2025-07-23,Pending
M0025,T013,2025-07-20,Completed
M0026,T013,2025-07-15,Missed
M0027,T014,2025-07-27,Completed
M0028,T014,2025-07-15,Completed
M0029,T015,2025-07-11,Completed
M0030,T015,2025-07-18,Completed
M0031,T016,2025-07-23,Missed
M0032,T016,2025-07-15,Completed
M0033,T017,2025-07-25,Pending
M0034,T017,2025-07-14,Pending
M0035,T018,2025-07-16,Completed
M0036,T018,2025-07-02,Missed
M0037,T019,2025-07-13,Missed
M0038,T019,2025-07-02,Completed
M0039,T020,2025-07-05,Pending
M0040,T020,2025-07-27,Missed
M0041,T021,2025-07-02,Completed
M0042,T021,2025-07-25,Missed
M0043,T022,2025-07-26,Missed
M0044,T022,2025-07-02,Missed
M0045,T023,2025-07-26,Pending
M0046,T023,2025-07-18,Pending
M0047,T024,2025-07-09,Completed
M0048,T024,2025-07-17,Completed
M0049,T025,2025-07-01,Pending
M0050,T025,2025-07-07,Missed
M0051,T026,2025-07-09,Missed
M0052,T026,2025-07-07,Completed
M0053,T027,2025-07-02,Pending
M0054,T027,2025-07-18,Missed
M0055,T028,2025-07-19,Pending
M0056,T028,2025-07-16,Completed
M0057,T029,2025-07-29,Pending
M0058,T029,2025-07-26,Completed
M0059,T030,2025-07-10,Completed
M0060,T030,2025-07-23,Missed
M0061,T031,2025-07-25,Pending
M0062,T031,2025-07-02,Pending
M0063,T032,2025-07-10,Completed
M0064,T032,2025-07-16,Missed
M0065,T033,2025-07-08,Pending
M0066,T033,2025-07-15,Completed
M0067,T034,2025-07-02,Completed
M0068,T034,2025-07-04,Missed
M0069,T035,2025-07-25,Missed
M0070,T035,2025-07-03,Completed
M0071,T036,2025-07-04,Missed
M0072,T036,2025-07-23,Completed
M0073,T037,2025-07-14,Completed
M0074,T037,2025-07-04,Missed
M0075,T038,2025-07-23,Pending
M0076,T038,2025-07-11,Pending
M0077,T039,2025-07-04,Missed
M0078,T039,2025-07-16,Missed
M0079,T040,2025-07-21,Missed
M0080,T040,2025-07-19,Missed
M0081,T041,2025-07-22,Pending
M0082,T041,2025-07-10,Missed
M0083,T042,2025-07-17,Pending
M0084,T042,2025-07-01,Missed
M0085,T043,2025-07-10,Pending
M0086,T043,2025-07-16,Completed
M0087,T044,2025-07-19,Missed
M0088,T044,2025-07-16,Completed
M0089,T045,2025-07-05,Pending
M0090,T045,2025-07-01,Pending
M0091,T046,2025-07-20,Missed
M0092,T046,2025-07-12,Missed
M0093,T047,2025-07-29,Completed
M0094,T047,2025-07-20,Pending
M0095,T048,2025-07-03,Pending
M0096,T048,2025-07-18,Completed
M0097,T049,2025-07-24,Completed
M0098,T049,2025-07-26,Pending
M0099,T050,2025-07-23,Pending
M0100,T050,2025-07-22,Missed
